Optimization;Execution_Time
1;2.9814610481262207
2;2.024505138397217
3;2.1463871002197266
4;2.226987838745117
5;2.1585428714752197
