Hypervolume;Run
0.858118379661017;0
1.4942699369491526;1
1.9810638049717513;2
3.026769627118644;3
3.026769627118644;4
3.026769627118644;5
