{"cameraMode":{"drawMode":0,"name":"Shaded","section":"Shading Mode"},"sceneLighting":true,"audioPlay":false,"sceneViewState":{"m_AlwaysRefresh":false,"showFog":true,"showSkybox":true,"showFlares":true,"showImageEffects":true,"showParticleSystems":true,"showVisualEffectGraphs":true,"m_FxEnabled":true},"in2DMode":false,"pivot":{"x":2.6877377033233644,"y":4.422454357147217,"z":-6.9802327156066898},"rotation":{"x":0.29414892196655276,"y":0.07016714662313461,"z":-0.021659573540091516,"w":0.9529352784156799},"size":11.651829719543457,"orthographic":true}