Optimization;Execution_Time
1;8.946759462356567
2;7.000890493392944
3;4.271786212921143
4;6.4906394481658936
5;6.296351909637451
