Hypervolume;Run
2.5219968135593223;0
2.5219968135593223;1
3.1490829830508478;2
3.205412338983051;3
3.3843890621468926;4
3.3843890621468926;5
