Optimization;Execution_Time
1;2.7803537845611572
2;2.960632085800171
3;2.583930730819702
4;3.110787868499756
5;3.2866859436035156
