Hypervolume;Run
0.9288291977401129;0
0.9288291977401129;1
0.9795030411299434;2
0.9795030411299434;3
0.9795030411299434;4
0.9795030411299434;5
