Optimization;Execution_Time
1;2.7645580768585205
2;2.328049898147583
3;2.3814189434051514
4;3.1812820434570312
5;2.975099802017212
