Hypervolume;Run
0.9520737328813559;0
1.4536939091525425;1
1.94864507299435;2
2.3506851498305084;3
2.827476616497175;4
2.8596691941242938;5
