Exploitation;Execution_Time
1;1.3458459377288818
2;1.4469091892242432
3;1.3761928081512451
4;1.3222339153289795
5;0.953524112701416
6;0.9760069847106934
7;1.5331580638885498
8;1.3346712589263916
9;1.6257891654968262
10;1.8460650444030762
