Exploitation;Execution_Time
1;1.3458459377288818
2;1.4469091892242432
3;1.3761928081512451
4;1.3222339153289795
5;0.953524112701416
6;0.9760069847106934
7;1.5331580638885498
8;1.3346712589263916
9;1.6257891654968262
10;1.8460650444030762
1;1.3702819347381592
2;1.6183018684387207
3;1.907823085784912
4;2.0128839015960693
1;0.7854540348052979
2;0.7267358303070068
1;1.0543091297149658
