Optimization;Execution_Time
1;2.6596200466156006
2;2.1473591327667236
3;2.268005847930908
4;3.117008924484253
5;2.75062894821167
