Hypervolume;Run
1.4723158189830508;0
1.5004381288135593;1
2.0351649672316383;2
2.4544224768361587;3
2.4775273387570627;4
2.4775273387570627;5
