Optimization;Execution_Time
1;0.6847248077392578
2;0.6762681007385254
3;0.5000739097595215
4;0.6384031772613525
