Optimization;Execution_Time
1;1.2479360103607178
2;1.589111089706421
3;1.6379988193511963
4;1.2385611534118652
1;1.0775103569030762
2;1.4083938598632812
3;1.1264269351959229
4;1.3333568572998047
