Hypervolume;Run
0.49999988079071045;0
0.6666666269302368;1
12.0;2
25.0;3
0.6250001192092896;0
0.6250001192092896;1
11.666665077209473;2
11.666665077209473;3
22.5;4
